{
  "best_global_step": null,
  "best_metric": null,
  "best_model_checkpoint": null,
  "epoch": 3.0,
  "eval_steps": 100,
  "global_step": 18,
  "is_hyper_param_search": false,
  "is_local_process_zero": true,
  "is_world_process_zero": true,
  "log_history": [
    {
      "epoch": 1.6666666666666665,
      "grad_norm": 2.0270910263061523,
      "learning_rate": 0.0001,
      "loss": 4.7627,
      "step": 10
    }
  ],
  "logging_steps": 10,
  "max_steps": 18,
  "num_input_tokens_seen": 0,
  "num_train_epochs": 3,
  "save_steps": 100,
  "stateful_callbacks": {
    "TrainerControl": {
      "args": {
        "should_epoch_stop": false,
        "should_evaluate": false,
        "should_log": false,
        "should_save": true,
        "should_training_stop": true
      },
      "attributes": {}
    }
  },
  "total_flos": 266486831382528.0,
  "train_batch_size": 8,
  "trial_name": null,
  "trial_params": null
}
